,A,B,C,D,E,F,G,H,I,J,K,L,M,N,O,P,Q,R,S,T,U,V,W,X,Y,Z,AA
1,ID,氏名,部署,役職,入社年,,,,,,,,,,,,,,,,,,,,,
2,001,吉田 大樹,営業部,主任,2009,,,,,,,,,,,,,,,,,,,,,
3,002,清水 さくら,人事部,課長,2008,,,,,,,,,,,,,,,,,,,,,
4,003,鈴木 陽子,製造部,係長,2019,,,,,,,,,,,,,,,,,,,,,
5,004,加藤 愛,総務部,課長,2014,,,,,,,,,,,,,,,,,,,,,
6,005,中村 拓也,経理部,部長,2024,,,,,,,,,,,,,,,,,,,,,
7,006,清水 直樹,製造部,係長,2023,,,,,,,,,,,,,,,,,,,,,
8,007,鈴木 健太,総務部,部長,2005,,,,,,,,,,,,,,,,,,,,,
9,008,山田 隆,企画部,主任,2020,,,,,,,,,,,,,,,,,,,,,
10,009,井上 勇気,総務部,一般,2022,,,,,,,,,,,,,,,,,,,,,
11,010,中村 あゆみ,人事部,部長,2012,,,,,,,,,,,,,,,,,,,,,
12,011,高橋 勇気,IT部,係長,2016,,,,,,,,,,,,,,,,,,,,,
13,012,渡辺 麻衣,営業部,係長,2009,,,,,,,,,,,,,,,,,,,,,
14,013,井上 太郎,企画部,一般,2010,,,,,,,,,,,,,,,,,,,,,
15,014,木村 健一,人事部,係長,2023,,,,,,,,,,,,,,,,,,,,,
16,015,田中 次郎,IT部,課長,2008,,,,,,,,,,,,,,,,,,,,,
17,016,高橋 拓也,製造部,係長,2015,,,,,,,,,,,,,,,,,,,,,
18,017,伊藤 あゆみ,IT部,主任,2011,,,,,,,,,,,,,,,,,,,,,
19,018,森 健一,総務部,主任,2022,,,,,,,,,,,,,,,,,,,,,
20,019,山本 由美,人事部,部長,2012,,,,,,,,,,,,,,,,,,,,,
21,020,中村 美咲,開発部,課長,2012,,,,,,,,,,,,,,,,,,,,,
22,021,佐々木 美咲,開発部,係長,2014,,,,,,,,,,,,,,,,,,,,,
23,022,渡辺 あゆみ,開発部,係長,2019,,,,,,,,,,,,,,,,,,,,,
24,023,山崎 拓也,総務部,主任,2017,,,,,,,,,,,,,,,,,,,,,
25,024,井上 大樹,経理部,係長,2013,,,,,,,,,,,,,,,,,,,,,
26,025,佐々木 大輔,開発部,部長,2020,,,,,,,,,,,,,,,,,,,,,
27,026,高橋 由美,企画部,主任,2016,,,,,,,,,,,,,,,,,,,,,
28,027,松本 絢香,経理部,課長,2020,,,,,,,,,,,,,,,,,,,,,
29,028,佐々木 真理,開発部,部長,2017,,,,,,,,,,,,,,,,,,,,,
30,029,田中 健一,IT部,係長,2021,,,,,,,,,,,,,,,,,,,,,
31,030,加藤 真理,営業部,主任,2017,,,,,,,,,,,,,,,,,,,,,
32,031,林 智子,企画部,主任,2013,,,,,,,,,,,,,,,,,,,,,
33,032,井上 和也,IT部,課長,2006,,,,,,,,,,,,,,,,,,,,,
34,033,伊藤 健一,企画部,一般,2017,,,,,,,,,,,,,,,,,,,,,
35,034,山崎 優子,人事部,主任,2006,,,,,,,,,,,,,,,,,,,,,
36,035,松本 美咲,経理部,主任,2017,,,,,,,,,,,,,,,,,,,,,
37,036,伊藤 和也,IT部,部長,2023,,,,,,,,,,,,,,,,,,,,,
38,037,佐藤 誠,IT部,係長,2024,,,,,,,,,,,,,,,,,,,,,
39,038,田中 太郎,企画部,一般,2010,,,,,,,,,,,,,,,,,,,,,
40,039,小林 恵子,営業部,課長,2009,,,,,,,,,,,,,,,,,,,,,
41,040,小林 真理,製造部,主任,2008,,,,,,,,,,,,,,,,,,,,,
42,041,渡辺 陽子,企画部,主任,2008,,,,,,,,,,,,,,,,,,,,,
43,042,小林 愛,人事部,課長,2008,,,,,,,,,,,,,,,,,,,,,
44,043,渡辺 隆,企画部,課長,2024,,,,,,,,,,,,,,,,,,,,,
45,044,井上 次郎,営業部,部長,2008,,,,,,,,,,,,,,,,,,,,,
46,045,木村 健一,企画部,一般,2019,,,,,,,,,,,,,,,,,,,,,
47,046,吉田 麻衣,IT部,部長,2008,,,,,,,,,,,,,,,,,,,,,
48,047,鈴木 和也,人事部,課長,2019,,,,,,,,,,,,,,,,,,,,,
49,048,木村 拓也,営業部,主任,2005,,,,,,,,,,,,,,,,,,,,,
50,049,松本 優子,企画部,係長,2006,,,,,,,,,,,,,,,,,,,,,
51,050,清水 優子,人事部,係長,2010,,,,,,,,,,,,,,,,,,,,,
52,051,山田 勇気,人事部,一般,2022,,,,,,,,,,,,,,,,,,,,,
53,052,木村 和也,営業部,部長,2024,,,,,,,,,,,,,,,,,,,,,
54,053,林 花子,企画部,部長,2013,,,,,,,,,,,,,,,,,,,,,
55,054,林 花子,開発部,係長,2009,,,,,,,,,,,,,,,,,,,,,
56,055,木村 直樹,企画部,係長,2005,,,,,,,,,,,,,,,,,,,,,
57,056,鈴木 太郎,開発部,部長,2005,,,,,,,,,,,,,,,,,,,,,
58,057,山田 健一,人事部,係長,2011,,,,,,,,,,,,,,,,,,,,,
59,058,山田 太郎,経理部,一般,2005,,,,,,,,,,,,,,,,,,,,,
60,059,田中 由美,営業部,部長,2009,,,,,,,,,,,,,,,,,,,,,
61,060,木村 さくら,経理部,一般,2005,,,,,,,,,,,,,,,,,,,,,
62,061,井上 花子,人事部,一般,2005,,,,,,,,,,,,,,,,,,,,,
63,062,田中 次郎,総務部,主任,2016,,,,,,,,,,,,,,,,,,,,,
64,063,加藤 美咲,人事部,主任,2018,,,,,,,,,,,,,,,,,,,,,
65,064,伊藤 由美,経理部,一般,2005,,,,,,,,,,,,,,,,,,,,,
66,065,吉田 誠,製造部,課長,2022,,,,,,,,,,,,,,,,,,,,,
67,066,森 優子,IT部,主任,2006,,,,,,,,,,,,,,,,,,,,,
68,067,松本 浩,総務部,係長,2017,,,,,,,,,,,,,,,,,,,,,
69,068,伊藤 太郎,経理部,主任,2018,,,,,,,,,,,,,,,,,,,,,
70,069,佐藤 絢香,営業部,課長,2024,,,,,,,,,,,,,,,,,,,,,
71,070,松本 直樹,製造部,主任,2006,,,,,,,,,,,,,,,,,,,,,
72,071,木村 大樹,人事部,主任,2016,,,,,,,,,,,,,,,,,,,,,
73,072,中村 里奈,営業部,係長,2022,,,,,,,,,,,,,,,,,,,,,
74,073,吉田 さくら,製造部,部長,2008,,,,,,,,,,,,,,,,,,,,,
75,074,中村 智子,経理部,主任,2014,,,,,,,,,,,,,,,,,,,,,
76,075,吉田 さくら,経理部,一般,2011,,,,,,,,,,,,,,,,,,,,,
77,076,山田 愛,人事部,係長,2015,,,,,,,,,,,,,,,,,,,,,
78,077,高橋 健太,人事部,課長,2018,,,,,,,,,,,,,,,,,,,,,
79,078,山崎 健一,総務部,部長,2015,,,,,,,,,,,,,,,,,,,,,
80,079,渡辺 由美,開発部,部長,2006,,,,,,,,,,,,,,,,,,,,,
81,080,中村 直樹,営業部,係長,2009,,,,,,,,,,,,,,,,,,,,,
82,081,山田 花子,IT部,一般,2011,,,,,,,,,,,,,,,,,,,,,
83,082,高橋 一郎,総務部,主任,2015,,,,,,,,,,,,,,,,,,,,,
84,083,加藤 さくら,製造部,部長,2009,,,,,,,,,,,,,,,,,,,,,
85,084,井上 由美,製造部,課長,2009,,,,,,,,,,,,,,,,,,,,,
86,085,森 大樹,IT部,部長,2006,,,,,,,,,,,,,,,,,,,,,
87,086,木村 さくら,製造部,課長,2015,,,,,,,,,,,,,,,,,,,,,
88,087,佐々木 隆,経理部,部長,2010,,,,,,,,,,,,,,,,,,,,,
89,088,佐々木 大輔,製造部,部長,2005,,,,,,,,,,,,,,,,,,,,,
90,089,加藤 健一,人事部,部長,2007,,,,,,,,,,,,,,,,,,,,,
91,090,佐々木 太郎,製造部,課長,2010,,,,,,,,,,,,,,,,,,,,,
92,091,山本 花子,企画部,一般,2012,,,,,,,,,,,,,,,,,,,,,
93,092,佐々木 里奈,IT部,一般,2015,,,,,,,,,,,,,,,,,,,,,
94,093,森 花子,企画部,部長,2023,,,,,,,,,,,,,,,,,,,,,
95,094,井上 一郎,経理部,一般,2020,,,,,,,,,,,,,,,,,,,,,
96,095,渡辺 花子,営業部,課長,2023,,,,,,,,,,,,,,,,,,,,,
97,096,田中 隆,製造部,主任,2008,,,,,,,,,,,,,,,,,,,,,
98,097,加藤 あゆみ,企画部,一般,2023,,,,,,,,,,,,,,,,,,,,,
99,098,伊藤 翔太,経理部,主任,2010,,,,,,,,,,,,,,,,,,,,,
100,099,井上 直樹,IT部,部長,2009,,,,,,,,,,,,,,,,,,,,,
101,100,木村 恵子,IT部,課長,2007,,,,,,,,,,,,,,,,,,,,,
102,101,中村 花子,開発部,主任,2024,,,,,,,,,,,,,,,,,,,,,
103,102,森 健太,経理部,課長,2005,,,,,,,,,,,,,,,,,,,,,
104,103,山田 麻衣,企画部,部長,2022,,,,,,,,,,,,,,,,,,,,,
105,104,佐藤 里奈,製造部,課長,2011,,,,,,,,,,,,,,,,,,,,,
106,105,小林 優子,IT部,部長,2011,,,,,,,,,,,,,,,,,,,,,
107,106,井上 大樹,製造部,係長,2017,,,,,,,,,,,,,,,,,,,,,
108,107,井上 真理,営業部,部長,2014,,,,,,,,,,,,,,,,,,,,,
109,108,加藤 隆,営業部,部長,2011,,,,,,,,,,,,,,,,,,,,,
110,109,松本 浩,製造部,係長,2010,,,,,,,,,,,,,,,,,,,,,
111,110,加藤 恵子,製造部,一般,2006,,,,,,,,,,,,,,,,,,,,,
112,111,佐藤 里奈,製造部,主任,2016,,,,,,,,,,,,,,,,,,,,,
113,112,吉田 勇気,人事部,課長,2022,,,,,,,,,,,,,,,,,,,,,
114,113,鈴木 陽子,製造部,主任,2012,,,,,,,,,,,,,,,,,,,,,
115,114,渡辺 あゆみ,企画部,部長,2008,,,,,,,,,,,,,,,,,,,,,
116,115,佐々木 健太,総務部,部長,2010,,,,,,,,,,,,,,,,,,,,,
117,116,渡辺 健太,企画部,係長,2008,,,,,,,,,,,,,,,,,,,,,
118,117,吉田 さくら,開発部,係長,2010,,,,,,,,,,,,,,,,,,,,,
119,118,伊藤 誠,製造部,係長,2022,,,,,,,,,,,,,,,,,,,,,
120,119,山崎 和也,IT部,係長,2010,,,,,,,,,,,,,,,,,,,,,
121,120,田中 隆,営業部,課長,2016,,,,,,,,,,,,,,,,,,,,,
122,121,吉田 拓也,企画部,課長,2011,,,,,,,,,,,,,,,,,,,,,
123,122,小林 愛,製造部,課長,2006,,,,,,,,,,,,,,,,,,,,,
124,123,山本 太郎,人事部,係長,2014,,,,,,,,,,,,,,,,,,,,,
125,124,中村 舞,製造部,主任,2012,,,,,,,,,,,,,,,,,,,,,
126,125,中村 愛,人事部,部長,2015,,,,,,,,,,,,,,,,,,,,,
127,126,松本 陽子,企画部,部長,2012,,,,,,,,,,,,,,,,,,,,,
128,127,中村 直樹,開発部,主任,2024,,,,,,,,,,,,,,,,,,,,,
129,128,田中 隆,人事部,課長,2022,,,,,,,,,,,,,,,,,,,,,
130,129,伊藤 恵子,製造部,係長,2015,,,,,,,,,,,,,,,,,,,,,
131,130,田中 翔太,人事部,部長,2011,,,,,,,,,,,,,,,,,,,,,
132,131,佐藤 花子,企画部,課長,2015,,,,,,,,,,,,,,,,,,,,,
133,132,伊藤 大輔,開発部,係長,2019,,,,,,,,,,,,,,,,,,,,,
134,133,清水 健一,総務部,主任,2007,,,,,,,,,,,,,,,,,,,,,
135,134,森 和也,IT部,係長,2019,,,,,,,,,,,,,,,,,,,,,
136,135,木村 翔太,営業部,係長,2009,,,,,,,,,,,,,,,,,,,,,
137,136,森 麻衣,人事部,主任,2005,,,,,,,,,,,,,,,,,,,,,
138,137,木村 花子,総務部,係長,2013,,,,,,,,,,,,,,,,,,,,,
139,138,加藤 恵子,総務部,一般,2019,,,,,,,,,,,,,,,,,,,,,
140,139,渡辺 さくら,開発部,係長,2014,,,,,,,,,,,,,,,,,,,,,
141,140,山本 大樹,経理部,一般,2019,,,,,,,,,,,,,,,,,,,,,
142,141,小林 愛,企画部,一般,2011,,,,,,,,,,,,,,,,,,,,,
143,142,清水 直樹,総務部,主任,2015,,,,,,,,,,,,,,,,,,,,,
144,143,木村 あゆみ,人事部,係長,2012,,,,,,,,,,,,,,,,,,,,,
145,144,吉田 翔太,人事部,一般,2007,,,,,,,,,,,,,,,,,,,,,
146,145,中村 美咲,総務部,部長,2016,,,,,,,,,,,,,,,,,,,,,
147,146,林 和也,製造部,一般,2020,,,,,,,,,,,,,,,,,,,,,
148,147,渡辺 健一,IT部,部長,2016,,,,,,,,,,,,,,,,,,,,,
149,148,渡辺 あゆみ,企画部,課長,2024,,,,,,,,,,,,,,,,,,,,,
150,149,渡辺 健太,開発部,一般,2009,,,,,,,,,,,,,,,,,,,,,
151,150,山田 花子,企画部,一般,2019,,,,,,,,,,,,,,,,,,,,,
152,151,加藤 一郎,営業部,主任,2019,,,,,,,,,,,,,,,,,,,,,
153,152,山田 花子,営業部,主任,2011,,,,,,,,,,,,,,,,,,,,,
154,153,木村 健太,IT部,一般,2017,,,,,,,,,,,,,,,,,,,,,
155,154,井上 麻衣,企画部,一般,2008,,,,,,,,,,,,,,,,,,,,,
156,155,林 和也,IT部,係長,2019,,,,,,,,,,,,,,,,,,,,,
157,156,森 隆,営業部,係長,2005,,,,,,,,,,,,,,,,,,,,,
158,157,小林 一郎,人事部,課長,2021,,,,,,,,,,,,,,,,,,,,,
159,158,森 浩,人事部,課長,2014,,,,,,,,,,,,,,,,,,,,,
160,159,吉田 大樹,IT部,課長,2023,,,,,,,,,,,,,,,,,,,,,
161,160,森 さくら,製造部,課長,2014,,,,,,,,,,,,,,,,,,,,,
162,161,井上 健太,製造部,主任,2015,,,,,,,,,,,,,,,,,,,,,
163,162,山田 智子,人事部,主任,2024,,,,,,,,,,,,,,,,,,,,,
164,163,木村 美咲,総務部,部長,2008,,,,,,,,,,,,,,,,,,,,,
165,164,伊藤 一郎,総務部,一般,2005,,,,,,,,,,,,,,,,,,,,,
166,165,佐藤 太郎,経理部,係長,2021,,,,,,,,,,,,,,,,,,,,,
167,166,松本 愛,企画部,一般,2005,,,,,,,,,,,,,,,,,,,,,
168,167,木村 大輔,人事部,係長,2022,,,,,,,,,,,,,,,,,,,,,
169,168,井上 里奈,開発部,主任,2016,,,,,,,,,,,,,,,,,,,,,
170,169,木村 優子,開発部,部長,2005,,,,,,,,,,,,,,,,,,,,,
171,170,高橋 愛,経理部,部長,2007,,,,,,,,,,,,,,,,,,,,,
172,171,山田 直樹,製造部,一般,2009,,,,,,,,,,,,,,,,,,,,,
173,172,小林 里奈,人事部,部長,2021,,,,,,,,,,,,,,,,,,,,,
174,173,加藤 真理,総務部,課長,2023,,,,,,,,,,,,,,,,,,,,,
175,174,清水 健太,IT部,課長,2015,,,,,,,,,,,,,,,,,,,,,
176,175,伊藤 隆,IT部,部長,2005,,,,,,,,,,,,,,,,,,,,,
177,176,佐々木 勇気,人事部,一般,2018,,,,,,,,,,,,,,,,,,,,,
178,177,高橋 大輔,IT部,係長,2008,,,,,,,,,,,,,,,,,,,,,
179,178,伊藤 麻衣,開発部,係長,2017,,,,,,,,,,,,,,,,,,,,,
180,179,木村 太郎,製造部,課長,2014,,,,,,,,,,,,,,,,,,,,,
181,180,小林 愛,企画部,係長,2013,,,,,,,,,,,,,,,,,,,,,
182,181,山本 あゆみ,企画部,主任,2024,,,,,,,,,,,,,,,,,,,,,
183,182,山崎 美咲,人事部,課長,2008,,,,,,,,,,,,,,,,,,,,,
184,183,中村 直樹,人事部,部長,2010,,,,,,,,,,,,,,,,,,,,,
185,184,加藤 智子,総務部,部長,2014,,,,,,,,,,,,,,,,,,,,,
186,185,山田 健太,人事部,部長,2017,,,,,,,,,,,,,,,,,,,,,
187,186,山本 真理,総務部,課長,2016,,,,,,,,,,,,,,,,,,,,,
188,187,中村 美咲,開発部,係長,2007,,,,,,,,,,,,,,,,,,,,,
189,188,鈴木 さくら,企画部,主任,2010,,,,,,,,,,,,,,,,,,,,,
190,189,伊藤 和也,製造部,課長,2011,,,,,,,,,,,,,,,,,,,,,
191,190,木村 里奈,製造部,部長,2013,,,,,,,,,,,,,,,,,,,,,
192,191,中村 恵子,IT部,主任,2023,,,,,,,,,,,,,,,,,,,,,
193,192,林 一郎,開発部,主任,2012,,,,,,,,,,,,,,,,,,,,,
194,193,渡辺 次郎,営業部,課長,2021,,,,,,,,,,,,,,,,,,,,,
195,194,松本 和也,企画部,課長,2014,,,,,,,,,,,,,,,,,,,,,
196,195,鈴木 美咲,IT部,課長,2016,,,,,,,,,,,,,,,,,,,,,
197,196,松本 大輔,企画部,課長,2006,,,,,,,,,,,,,,,,,,,,,
198,197,松本 翔太,企画部,部長,2022,,,,,,,,,,,,,,,,,,,,,
199,198,鈴木 由美,営業部,主任,2008,,,,,,,,,,,,,,,,,,,,,
200,199,加藤 あゆみ,IT部,課長,2024,,,,,,,,,,,,,,,,,,,,,
201,200,林 恵子,総務部,部長,2013,,,,,,,,,,,,,,,,,,,,,
202,201,加藤 勇気,経理部,一般,2009,,,,,,,,,,,,,,,,,,,,,
203,202,渡辺 恵子,営業部,課長,2006,,,,,,,,,,,,,,,,,,,,,
204,203,山本 絢香,経理部,部長,2016,,,,,,,,,,,,,,,,,,,,,
205,204,山本 真理,IT部,一般,2016,,,,,,,,,,,,,,,,,,,,,
206,205,渡辺 拓也,人事部,主任,2014,,,,,,,,,,,,,,,,,,,,,
207,206,井上 健太,開発部,主任,2018,,,,,,,,,,,,,,,,,,,,,
208,207,加藤 翔太,総務部,係長,2020,,,,,,,,,,,,,,,,,,,,,
209,208,小林 一郎,営業部,係長,2018,,,,,,,,,,,,,,,,,,,,,
210,209,渡辺 大樹,開発部,主任,2007,,,,,,,,,,,,,,,,,,,,,
211,210,小林 隆,営業部,主任,2018,,,,,,,,,,,,,,,,,,,,,
212,211,鈴木 勇気,総務部,係長,2011,,,,,,,,,,,,,,,,,,,,,
213,212,林 麻衣,経理部,部長,2017,,,,,,,,,,,,,,,,,,,,,
214,213,鈴木 大樹,経理部,係長,2016,,,,,,,,,,,,,,,,,,,,,
215,214,山田 里奈,開発部,主任,2014,,,,,,,,,,,,,,,,,,,,,
216,215,木村 大輔,製造部,係長,2013,,,,,,,,,,,,,,,,,,,,,
217,216,加藤 誠,総務部,部長,2015,,,,,,,,,,,,,,,,,,,,,
218,217,山本 拓也,総務部,主任,2009,,,,,,,,,,,,,,,,,,,,,
219,218,山崎 さくら,営業部,一般,2006,,,,,,,,,,,,,,,,,,,,,
220,219,中村 一郎,経理部,一般,2023,,,,,,,,,,,,,,,,,,,,,
221,220,山崎 由美,営業部,主任,2007,,,,,,,,,,,,,,,,,,,,,
222,221,山田 さくら,製造部,係長,2007,,,,,,,,,,,,,,,,,,,,,
223,222,森 麻衣,営業部,部長,2022,,,,,,,,,,,,,,,,,,,,,
224,223,吉田 舞,総務部,部長,2010,,,,,,,,,,,,,,,,,,,,,
225,224,木村 陽子,開発部,係長,2009,,,,,,,,,,,,,,,,,,,,,
226,225,田中 隆,製造部,課長,2007,,,,,,,,,,,,,,,,,,,,,
227,226,木村 翔太,人事部,係長,2007,,,,,,,,,,,,,,,,,,,,,
228,227,森 恵子,経理部,係長,2012,,,,,,,,,,,,,,,,,,,,,
229,228,清水 絢香,経理部,一般,2020,,,,,,,,,,,,,,,,,,,,,
230,229,田中 絢香,人事部,係長,2012,,,,,,,,,,,,,,,,,,,,,
231,230,林 一郎,人事部,一般,2015,,,,,,,,,,,,,,,,,,,,,
232,231,鈴木 あゆみ,製造部,課長,2016,,,,,,,,,,,,,,,,,,,,,
233,232,吉田 拓也,開発部,係長,2005,,,,,,,,,,,,,,,,,,,,,
234,233,清水 愛,人事部,部長,2017,,,,,,,,,,,,,,,,,,,,,
235,234,中村 誠,総務部,課長,2017,,,,,,,,,,,,,,,,,,,,,
236,235,森 里奈,企画部,係長,2020,,,,,,,,,,,,,,,,,,,,,
237,236,木村 里奈,経理部,係長,2011,,,,,,,,,,,,,,,,,,,,,
238,237,井上 大樹,開発部,部長,2006,,,,,,,,,,,,,,,,,,,,,
239,238,吉田 一郎,総務部,主任,2023,,,,,,,,,,,,,,,,,,,,,
240,239,伊藤 陽子,IT部,主任,2020,,,,,,,,,,,,,,,,,,,,,
241,240,中村 大輔,営業部,主任,2006,,,,,,,,,,,,,,,,,,,,,
242,241,鈴木 里奈,企画部,主任,2009,,,,,,,,,,,,,,,,,,,,,
243,242,林 次郎,企画部,課長,2005,,,,,,,,,,,,,,,,,,,,,
244,243,吉田 真理,開発部,課長,2014,,,,,,,,,,,,,,,,,,,,,
245,244,木村 美咲,開発部,課長,2014,,,,,,,,,,,,,,,,,,,,,
246,245,田中 舞,営業部,部長,2009,,,,,,,,,,,,,,,,,,,,,
247,246,松本 次郎,企画部,部長,2018,,,,,,,,,,,,,,,,,,,,,
248,247,田中 さくら,人事部,一般,2008,,,,,,,,,,,,,,,,,,,,,
249,248,佐々木 麻衣,総務部,係長,2022,,,,,,,,,,,,,,,,,,,,,
250,249,佐々木 大輔,製造部,係長,2016,,,,,,,,,,,,,,,,,,,,,
251,250,小林 浩,IT部,部長,2013,,,,,,,,,,,,,,,,,,,,,
252,251,山田 さくら,総務部,主任,2011,,,,,,,,,,,,,,,,,,,,,
253,252,山崎 愛,経理部,部長,2011,,,,,,,,,,,,,,,,,,,,,
254,253,加藤 大樹,総務部,主任,2023,,,,,,,,,,,,,,,,,,,,,
255,254,山本 大樹,総務部,一般,2017,,,,,,,,,,,,,,,,,,,,,
256,255,松本 智子,IT部,部長,2009,,,,,,,,,,,,,,,,,,,,,
257,256,清水 拓也,経理部,課長,2017,,,,,,,,,,,,,,,,,,,,,
258,257,森 直樹,開発部,主任,2018,,,,,,,,,,,,,,,,,,,,,
259,258,小林 あゆみ,人事部,係長,2009,,,,,,,,,,,,,,,,,,,,,
260,259,山本 一郎,開発部,係長,2021,,,,,,,,,,,,,,,,,,,,,
261,260,田中 拓也,総務部,係長,2006,,,,,,,,,,,,,,,,,,,,,
262,261,小林 愛,営業部,主任,2017,,,,,,,,,,,,,,,,,,,,,
263,262,木村 陽子,総務部,係長,2015,,,,,,,,,,,,,,,,,,,,,
264,263,田中 誠,製造部,主任,2018,,,,,,,,,,,,,,,,,,,,,
265,264,高橋 健太,経理部,一般,2007,,,,,,,,,,,,,,,,,,,,,
266,265,中村 大輔,製造部,部長,2012,,,,,,,,,,,,,,,,,,,,,
267,266,清水 恵子,製造部,主任,2017,,,,,,,,,,,,,,,,,,,,,
268,267,松本 舞,企画部,主任,2014,,,,,,,,,,,,,,,,,,,,,
269,268,林 太郎,営業部,課長,2007,,,,,,,,,,,,,,,,,,,,,
270,269,松本 健太,人事部,係長,2011,,,,,,,,,,,,,,,,,,,,,
271,270,山田 優子,開発部,部長,2014,,,,,,,,,,,,,,,,,,,,,
272,271,佐々木 和也,製造部,主任,2015,,,,,,,,,,,,,,,,,,,,,
273,272,伊藤 絢香,総務部,主任,2012,,,,,,,,,,,,,,,,,,,,,
274,273,伊藤 拓也,経理部,課長,2005,,,,,,,,,,,,,,,,,,,,,
275,274,小林 勇気,経理部,係長,2013,,,,,,,,,,,,,,,,,,,,,
276,275,小林 太郎,経理部,課長,2010,,,,,,,,,,,,,,,,,,,,,
277,276,佐藤 勇気,IT部,課長,2011,,,,,,,,,,,,,,,,,,,,,
278,277,松本 花子,人事部,一般,2014,,,,,,,,,,,,,,,,,,,,,
279,278,吉田 優子,企画部,係長,2021,,,,,,,,,,,,,,,,,,,,,
280,279,佐藤 真理,経理部,主任,2005,,,,,,,,,,,,,,,,,,,,,
281,280,木村 絢香,企画部,一般,2010,,,,,,,,,,,,,,,,,,,,,
282,281,松本 大樹,企画部,一般,2013,,,,,,,,,,,,,,,,,,,,,
283,282,吉田 一郎,企画部,課長,2008,,,,,,,,,,,,,,,,,,,,,
284,283,井上 翔太,製造部,一般,2018,,,,,,,,,,,,,,,,,,,,,
285,284,佐々木 隆,営業部,係長,2024,,,,,,,,,,,,,,,,,,,,,
286,285,森 絢香,開発部,部長,2023,,,,,,,,,,,,,,,,,,,,,
287,286,伊藤 里奈,企画部,部長,2011,,,,,,,,,,,,,,,,,,,,,
288,287,高橋 美咲,企画部,部長,2019,,,,,,,,,,,,,,,,,,,,,
289,288,伊藤 陽子,開発部,課長,2006,,,,,,,,,,,,,,,,,,,,,
290,289,小林 和也,企画部,係長,2009,,,,,,,,,,,,,,,,,,,,,
291,290,山本 智子,経理部,主任,2009,,,,,,,,,,,,,,,,,,,,,
292,291,山本 一郎,総務部,係長,2005,,,,,,,,,,,,,,,,,,,,,
293,292,小林 由美,製造部,部長,2015,,,,,,,,,,,,,,,,,,,,,
294,293,井上 花子,IT部,部長,2020,,,,,,,,,,,,,,,,,,,,,
295,294,吉田 あゆみ,製造部,主任,2008,,,,,,,,,,,,,,,,,,,,,
296,295,木村 大輔,製造部,一般,2005,,,,,,,,,,,,,,,,,,,,,
297,296,伊藤 あゆみ,経理部,係長,2013,,,,,,,,,,,,,,,,,,,,,
298,297,森 健太,経理部,係長,2005,,,,,,,,,,,,,,,,,,,,,
299,298,佐藤 和也,営業部,一般,2011,,,,,,,,,,,,,,,,,,,,,
300,299,小林 美咲,人事部,課長,2015,,,,,,,,,,,,,,,,,,,,,
301,300,高橋 一郎,経理部,主任,2008,,,,,,,,,,,,,,,,,,,,,
302,301,山田 絢香,開発部,部長,2016,,,,,,,,,,,,,,,,,,,,,
303,302,田中 智子,経理部,係長,2019,,,,,,,,,,,,,,,,,,,,,
304,303,佐藤 勇気,人事部,主任,2011,,,,,,,,,,,,,,,,,,,,,
305,304,渡辺 和也,営業部,部長,2012,,,,,,,,,,,,,,,,,,,,,
306,305,森 健太,企画部,部長,2011,,,,,,,,,,,,,,,,,,,,,
307,306,佐藤 次郎,開発部,課長,2008,,,,,,,,,,,,,,,,,,,,,
308,307,清水 舞,開発部,課長,2023,,,,,,,,,,,,,,,,,,,,,
309,308,林 花子,人事部,係長,2016,,,,,,,,,,,,,,,,,,,,,
310,309,田中 あゆみ,総務部,主任,2016,,,,,,,,,,,,,,,,,,,,,
311,310,吉田 真理,企画部,部長,2008,,,,,,,,,,,,,,,,,,,,,
312,311,鈴木 浩,営業部,一般,2009,,,,,,,,,,,,,,,,,,,,,
313,312,木村 智子,開発部,主任,2024,,,,,,,,,,,,,,,,,,,,,
314,313,伊藤 大樹,開発部,係長,2008,,,,,,,,,,,,,,,,,,,,,
315,314,井上 大輔,企画部,係長,2015,,,,,,,,,,,,,,,,,,,,,
316,315,清水 直樹,IT部,部長,2008,,,,,,,,,,,,,,,,,,,,,
317,316,木村 直樹,企画部,一般,2009,,,,,,,,,,,,,,,,,,,,,
318,317,中村 優子,人事部,課長,2013,,,,,,,,,,,,,,,,,,,,,
319,318,清水 大樹,総務部,係長,2007,,,,,,,,,,,,,,,,,,,,,
320,319,松本 太郎,開発部,部長,2006,,,,,,,,,,,,,,,,,,,,,
321,320,高橋 美咲,IT部,課長,2012,,,,,,,,,,,,,,,,,,,,,
322,321,松本 さくら,人事部,一般,2014,,,,,,,,,,,,,,,,,,,,,
323,322,林 さくら,製造部,課長,2007,,,,,,,,,,,,,,,,,,,,,
324,323,井上 浩,営業部,部長,2015,,,,,,,,,,,,,,,,,,,,,
325,324,井上 美咲,人事部,課長,2005,,,,,,,,,,,,,,,,,,,,,
326,325,山田 真理,総務部,係長,2019,,,,,,,,,,,,,,,,,,,,,
327,326,井上 一郎,開発部,一般,2007,,,,,,,,,,,,,,,,,,,,,
328,327,吉田 次郎,経理部,部長,2015,,,,,,,,,,,,,,,,,,,,,
329,328,吉田 花子,企画部,課長,2023,,,,,,,,,,,,,,,,,,,,,
330,329,松本 絢香,IT部,係長,2022,,,,,,,,,,,,,,,,,,,,,
331,330,中村 舞,営業部,部長,2009,,,,,,,,,,,,,,,,,,,,,
332,331,中村 智子,企画部,課長,2022,,,,,,,,,,,,,,,,,,,,,
333,332,佐藤 太郎,営業部,課長,2017,,,,,,,,,,,,,,,,,,,,,
334,333,清水 次郎,IT部,一般,2017,,,,,,,,,,,,,,,,,,,,,
335,334,高橋 翔太,製造部,主任,2015,,,,,,,,,,,,,,,,,,,,,
336,335,松本 陽子,IT部,主任,2012,,,,,,,,,,,,,,,,,,,,,
337,336,木村 健一,IT部,係長,2015,,,,,,,,,,,,,,,,,,,,,
338,337,吉田 麻衣,製造部,係長,2022,,,,,,,,,,,,,,,,,,,,,
339,338,佐藤 直樹,企画部,主任,2021,,,,,,,,,,,,,,,,,,,,,
340,339,井上 和也,人事部,係長,2019,,,,,,,,,,,,,,,,,,,,,
341,340,渡辺 麻衣,営業部,一般,2007,,,,,,,,,,,,,,,,,,,,,
342,341,吉田 さくら,開発部,一般,2005,,,,,,,,,,,,,,,,,,,,,
343,342,高橋 陽子,人事部,主任,2014,,,,,,,,,,,,,,,,,,,,,
344,343,森 誠,人事部,係長,2015,,,,,,,,,,,,,,,,,,,,,
345,344,林 花子,経理部,主任,2007,,,,,,,,,,,,,,,,,,,,,
346,345,林 大樹,経理部,部長,2006,,,,,,,,,,,,,,,,,,,,,
347,346,松本 優子,製造部,係長,2013,,,,,,,,,,,,,,,,,,,,,
348,347,吉田 拓也,経理部,主任,2013,,,,,,,,,,,,,,,,,,,,,
349,348,森 絢香,製造部,一般,2020,,,,,,,,,,,,,,,,,,,,,
350,349,清水 直樹,開発部,部長,2014,,,,,,,,,,,,,,,,,,,,,
351,350,田中 太郎,IT部,課長,2006,,,,,,,,,,,,,,,,,,,,,
352,351,中村 愛,営業部,一般,2015,,,,,,,,,,,,,,,,,,,,,
353,352,渡辺 隆,経理部,課長,2020,,,,,,,,,,,,,,,,,,,,,
354,353,中村 健太,開発部,主任,2019,,,,,,,,,,,,,,,,,,,,,
355,354,吉田 健太,人事部,一般,2016,,,,,,,,,,,,,,,,,,,,,
356,355,吉田 太郎,開発部,部長,2012,,,,,,,,,,,,,,,,,,,,,
357,356,田中 さくら,企画部,部長,2019,,,,,,,,,,,,,,,,,,,,,
358,357,林 由美,総務部,一般,2023,,,,,,,,,,,,,,,,,,,,,
359,358,加藤 優子,IT部,係長,2008,,,,,,,,,,,,,,,,,,,,,
360,359,木村 大樹,経理部,部長,2006,,,,,,,,,,,,,,,,,,,,,
361,360,小林 大輔,営業部,部長,2021,,,,,,,,,,,,,,,,,,,,,
362,361,井上 大樹,製造部,一般,2007,,,,,,,,,,,,,,,,,,,,,
363,362,林 誠,総務部,一般,2005,,,,,,,,,,,,,,,,,,,,,
364,363,高橋 陽子,人事部,部長,2018,,,,,,,,,,,,,,,,,,,,,
365,364,渡辺 あゆみ,製造部,課長,2016,,,,,,,,,,,,,,,,,,,,,
366,365,木村 舞,人事部,部長,2022,,,,,,,,,,,,,,,,,,,,,
367,366,佐々木 さくら,開発部,主任,2011,,,,,,,,,,,,,,,,,,,,,
368,367,佐藤 花子,企画部,一般,2011,,,,,,,,,,,,,,,,,,,,,
369,368,渡辺 真理,総務部,主任,2020,,,,,,,,,,,,,,,,,,,,,
370,369,森 陽子,企画部,部長,2005,,,,,,,,,,,,,,,,,,,,,
371,370,中村 和也,製造部,課長,2012,,,,,,,,,,,,,,,,,,,,,
372,371,吉田 拓也,開発部,部長,2012,,,,,,,,,,,,,,,,,,,,,
373,372,中村 一郎,営業部,係長,2023,,,,,,,,,,,,,,,,,,,,,
374,373,山崎 あゆみ,営業部,係長,2020,,,,,,,,,,,,,,,,,,,,,
375,374,山田 健太,企画部,主任,2015,,,,,,,,,,,,,,,,,,,,,
376,375,松本 麻衣,IT部,部長,2020,,,,,,,,,,,,,,,,,,,,,
377,376,中村 あゆみ,開発部,課長,2008,,,,,,,,,,,,,,,,,,,,,
378,377,木村 あゆみ,開発部,課長,2011,,,,,,,,,,,,,,,,,,,,,
379,378,山崎 恵子,総務部,一般,2020,,,,,,,,,,,,,,,,,,,,,
380,379,加藤 陽子,営業部,主任,2009,,,,,,,,,,,,,,,,,,,,,
381,380,伊藤 優子,人事部,主任,2018,,,,,,,,,,,,,,,,,,,,,
382,381,中村 愛,経理部,一般,2006,,,,,,,,,,,,,,,,,,,,,
383,382,吉田 花子,人事部,部長,2011,,,,,,,,,,,,,,,,,,,,,
384,383,佐藤 直樹,経理部,部長,2015,,,,,,,,,,,,,,,,,,,,,
385,384,中村 大樹,IT部,係長,2010,,,,,,,,,,,,,,,,,,,,,
386,385,伊藤 花子,IT部,課長,2005,,,,,,,,,,,,,,,,,,,,,
387,386,森 拓也,製造部,主任,2009,,,,,,,,,,,,,,,,,,,,,
388,387,森 和也,総務部,一般,2021,,,,,,,,,,,,,,,,,,,,,
389,388,加藤 美咲,人事部,主任,2016,,,,,,,,,,,,,,,,,,,,,
390,389,森 大樹,経理部,課長,2022,,,,,,,,,,,,,,,,,,,,,
391,390,井上 誠,製造部,課長,2014,,,,,,,,,,,,,,,,,,,,,
392,391,山本 あゆみ,製造部,主任,2014,,,,,,,,,,,,,,,,,,,,,
393,392,中村 直樹,総務部,一般,2023,,,,,,,,,,,,,,,,,,,,,
394,393,清水 優子,人事部,一般,2008,,,,,,,,,,,,,,,,,,,,,
395,394,鈴木 健一,IT部,部長,2023,,,,,,,,,,,,,,,,,,,,,
396,395,吉田 大樹,IT部,主任,2011,,,,,,,,,,,,,,,,,,,,,
397,396,森 大樹,人事部,課長,2022,,,,,,,,,,,,,,,,,,,,,
398,397,山崎 翔太,経理部,一般,2023,,,,,,,,,,,,,,,,,,,,,
399,398,中村 里奈,企画部,主任,2013,,,,,,,,,,,,,,,,,,,,,
400,399,中村 和也,総務部,一般,2020,,,,,,,,,,,,,,,,,,,,,
401,400,高橋 舞,経理部,課長,2018,,,,,,,,,,,,,,,,,,,,,
402,401,清水 健一,総務部,係長,2005,,,,,,,,,,,,,,,,,,,,,
403,402,山崎 真理,人事部,係長,2011,,,,,,,,,,,,,,,,,,,,,
404,403,加藤 絢香,開発部,課長,2008,,,,,,,,,,,,,,,,,,,,,
405,404,佐藤 陽子,営業部,係長,2009,,,,,,,,,,,,,,,,,,,,,
406,405,加藤 健一,経理部,一般,2024,,,,,,,,,,,,,,,,,,,,,
407,406,渡辺 隆,開発部,一般,2009,,,,,,,,,,,,,,,,,,,,,
408,407,伊藤 拓也,経理部,係長,2024,,,,,,,,,,,,,,,,,,,,,
409,408,伊藤 舞,製造部,係長,2021,,,,,,,,,,,,,,,,,,,,,
410,409,田中 太郎,企画部,係長,2007,,,,,,,,,,,,,,,,,,,,,
411,410,林 真理,総務部,主任,2007,,,,,,,,,,,,,,,,,,,,,
412,411,佐々木 次郎,IT部,主任,2013,,,,,,,,,,,,,,,,,,,,,
413,412,高橋 直樹,開発部,係長,2020,,,,,,,,,,,,,,,,,,,,,
414,413,松本 誠,人事部,課長,2020,,,,,,,,,,,,,,,,,,,,,
415,414,林 浩,経理部,課長,2009,,,,,,,,,,,,,,,,,,,,,
416,415,高橋 太郎,人事部,課長,2019,,,,,,,,,,,,,,,,,,,,,
417,416,小林 浩,経理部,一般,2006,,,,,,,,,,,,,,,,,,,,,
418,417,木村 舞,企画部,課長,2011,,,,,,,,,,,,,,,,,,,,,
419,418,林 大輔,企画部,課長,2020,,,,,,,,,,,,,,,,,,,,,
420,419,伊藤 隆,人事部,一般,2009,,,,,,,,,,,,,,,,,,,,,
421,420,渡辺 一郎,営業部,課長,2020,,,,,,,,,,,,,,,,,,,,,
422,421,井上 直樹,IT部,主任,2006,,,,,,,,,,,,,,,,,,,,,
423,422,鈴木 陽子,企画部,課長,2010,,,,,,,,,,,,,,,,,,,,,
424,423,高橋 勇気,企画部,部長,2006,,,,,,,,,,,,,,,,,,,,,
425,424,伊藤 健太,経理部,部長,2010,,,,,,,,,,,,,,,,,,,,,
426,425,小林 絢香,総務部,主任,2020,,,,,,,,,,,,,,,,,,,,,
427,426,森 美咲,IT部,係長,2019,,,,,,,,,,,,,,,,,,,,,
428,427,松本 麻衣,経理部,主任,2007,,,,,,,,,,,,,,,,,,,,,
429,428,伊藤 勇気,企画部,主任,2017,,,,,,,,,,,,,,,,,,,,,
430,429,山崎 あゆみ,人事部,主任,2017,,,,,,,,,,,,,,,,,,,,,
431,430,田中 次郎,企画部,係長,2019,,,,,,,,,,,,,,,,,,,,,
432,431,鈴木 直樹,総務部,主任,2023,,,,,,,,,,,,,,,,,,,,,
433,432,林 健一,IT部,課長,2019,,,,,,,,,,,,,,,,,,,,,
434,433,吉田 浩,開発部,部長,2011,,,,,,,,,,,,,,,,,,,,,
435,434,松本 絢香,企画部,部長,2013,,,,,,,,,,,,,,,,,,,,,
436,435,佐藤 恵子,企画部,一般,2023,,,,,,,,,,,,,,,,,,,,,
437,436,中村 隆,営業部,一般,2009,,,,,,,,,,,,,,,,,,,,,
438,437,佐藤 さくら,開発部,一般,2012,,,,,,,,,,,,,,,,,,,,,
439,438,伊藤 あゆみ,IT部,一般,2024,,,,,,,,,,,,,,,,,,,,,
440,439,高橋 次郎,IT部,部長,2024,,,,,,,,,,,,,,,,,,,,,
441,440,鈴木 健一,総務部,係長,2007,,,,,,,,,,,,,,,,,,,,,
442,441,松本 愛,経理部,部長,2013,,,,,,,,,,,,,,,,,,,,,
443,442,田中 花子,人事部,課長,2005,,,,,,,,,,,,,,,,,,,,,
444,443,山本 愛,企画部,主任,2012,,,,,,,,,,,,,,,,,,,,,
445,444,小林 真理,IT部,主任,2016,,,,,,,,,,,,,,,,,,,,,
446,445,鈴木 浩,製造部,一般,2019,,,,,,,,,,,,,,,,,,,,,
447,446,高橋 愛,経理部,一般,2019,,,,,,,,,,,,,,,,,,,,,
448,447,林 誠,営業部,係長,2017,,,,,,,,,,,,,,,,,,,,,
449,448,加藤 次郎,経理部,一般,2024,,,,,,,,,,,,,,,,,,,,,
450,449,山崎 麻衣,IT部,主任,2023,,,,,,,,,,,,,,,,,,,,,
451,450,佐藤 恵子,開発部,係長,2007,,,,,,,,,,,,,,,,,,,,,
452,451,林 恵子,人事部,主任,2011,,,,,,,,,,,,,,,,,,,,,
453,452,渡辺 舞,開発部,部長,2008,,,,,,,,,,,,,,,,,,,,,
454,453,森 一郎,経理部,主任,2020,,,,,,,,,,,,,,,,,,,,,
455,454,井上 大輔,IT部,部長,2012,,,,,,,,,,,,,,,,,,,,,
456,455,高橋 美咲,企画部,一般,2015,,,,,,,,,,,,,,,,,,,,,
457,456,吉田 勇気,人事部,一般,2018,,,,,,,,,,,,,,,,,,,,,
458,457,佐藤 太郎,経理部,課長,2018,,,,,,,,,,,,,,,,,,,,,
459,458,吉田 さくら,人事部,一般,2020,,,,,,,,,,,,,,,,,,,,,
460,459,渡辺 美咲,企画部,一般,2009,,,,,,,,,,,,,,,,,,,,,
461,460,松本 花子,総務部,課長,2009,,,,,,,,,,,,,,,,,,,,,
462,461,林 翔太,人事部,一般,2013,,,,,,,,,,,,,,,,,,,,,
463,462,松本 美咲,企画部,部長,2012,,,,,,,,,,,,,,,,,,,,,
464,463,高橋 太郎,経理部,課長,2007,,,,,,,,,,,,,,,,,,,,,
465,464,吉田 舞,企画部,係長,2015,,,,,,,,,,,,,,,,,,,,,
466,465,林 智子,経理部,一般,2011,,,,,,,,,,,,,,,,,,,,,
467,466,清水 真理,人事部,主任,2022,,,,,,,,,,,,,,,,,,,,,
468,467,山本 健太,総務部,課長,2011,,,,,,,,,,,,,,,,,,,,,
469,468,高橋 健太,人事部,課長,2010,,,,,,,,,,,,,,,,,,,,,
470,469,加藤 恵子,人事部,課長,2023,,,,,,,,,,,,,,,,,,,,,
471,470,森 舞,企画部,一般,2020,,,,,,,,,,,,,,,,,,,,,
472,471,森 里奈,企画部,部長,2010,,,,,,,,,,,,,,,,,,,,,
473,472,木村 さくら,製造部,一般,2008,,,,,,,,,,,,,,,,,,,,,
474,473,鈴木 隆,製造部,係長,2009,,,,,,,,,,,,,,,,,,,,,
475,474,伊藤 健太,IT部,一般,2020,,,,,,,,,,,,,,,,,,,,,
476,475,林 由美,企画部,係長,2018,,,,,,,,,,,,,,,,,,,,,
477,476,木村 陽子,製造部,課長,2010,,,,,,,,,,,,,,,,,,,,,
478,477,森 一郎,経理部,係長,2024,,,,,,,,,,,,,,,,,,,,,
479,478,田中 拓也,総務部,係長,2013,,,,,,,,,,,,,,,,,,,,,
480,479,佐々木 隆,経理部,主任,2008,,,,,,,,,,,,,,,,,,,,,
481,480,松本 恵子,開発部,一般,2019,,,,,,,,,,,,,,,,,,,,,
482,481,渡辺 美咲,人事部,係長,2020,,,,,,,,,,,,,,,,,,,,,
483,482,高橋 浩,人事部,部長,2012,,,,,,,,,,,,,,,,,,,,,
484,483,松本 さくら,IT部,課長,2018,,,,,,,,,,,,,,,,,,,,,
485,484,高橋 健太,製造部,係長,2022,,,,,,,,,,,,,,,,,,,,,
486,485,中村 優子,開発部,課長,2009,,,,,,,,,,,,,,,,,,,,,
487,486,吉田 隆,営業部,部長,2016,,,,,,,,,,,,,,,,,,,,,
488,487,井上 大輔,人事部,一般,2006,,,,,,,,,,,,,,,,,,,,,
489,488,清水 大輔,人事部,一般,2010,,,,,,,,,,,,,,,,,,,,,
490,489,加藤 優子,人事部,部長,2012,,,,,,,,,,,,,,,,,,,,,
491,490,森 隆,経理部,一般,2018,,,,,,,,,,,,,,,,,,,,,
492,491,山本 由美,営業部,課長,2013,,,,,,,,,,,,,,,,,,,,,
493,492,吉田 優子,IT部,部長,2010,,,,,,,,,,,,,,,,,,,,,
494,493,佐々木 由美,経理部,一般,2019,,,,,,,,,,,,,,,,,,,,,
495,494,中村 太郎,営業部,一般,2011,,,,,,,,,,,,,,,,,,,,,
496,495,清水 智子,経理部,部長,2005,,,,,,,,,,,,,,,,,,,,,
497,496,田中 隆,営業部,一般,2020,,,,,,,,,,,,,,,,,,,,,
498,497,山崎 太郎,人事部,課長,2019,,,,,,,,,,,,,,,,,,,,,
499,498,木村 陽子,企画部,係長,2011,,,,,,,,,,,,,,,,,,,,,
500,499,加藤 智子,人事部,課長,2011,,,,,,,,,,,,,,,,,,,,,
501,500,渡辺 美咲,製造部,課長,2017,,,,,,,,,,,,,,,,,,,,,